{
	"partitions" : [
		{
			"name" : "Top",
			"pins" : [
				{
					"name" : "a",
					"strict" : false
				},
				{
					"name" : "b",
					"strict" : false
				},
				{
					"name" : "c",
					"strict" : false
				},
				{
					"name" : "d",
					"strict" : false
				},
				{
					"name" : "e",
					"strict" : false
				},
				{
					"name" : "f",
					"strict" : false
				},
				{
					"name" : "g",
					"strict" : false
				},
				{
					"name" : "W",
					"strict" : false
				},
				{
					"name" : "Z",
					"strict" : false
				},
				{
					"name" : "Y",
					"strict" : false
				},
				{
					"name" : "X",
					"strict" : false
				}
			]
		}
	]
}